<?xml version="1.0" encoding="UTF-8"?>
<!DOCTYPE log4j:configuration SYSTEM "log4j.dtd">
<log4j:configuration xmlns:log4j="http://jakarta.apache.org/log4j/" debug="false">
	<appender name="FILE" class="org.apache.log4j.RollingFileAppender">
		<param name="file" value="/home/admin/output/logs/dubbo-registry.log" />
		<param name="append" value="true" />
		<param name="maxFileSize" value="10MB" />
		<param name="maxBackupIndex" value="100" />
		<layout class="org.apache.log4j.PatternLayout">
			<param name="ConversionPattern" value="%d [%t] %-5p %C{6} (%F:%L) - %m%n" />
		</layout>
	</appender>
	<root>
		<level value="WARN"/>
		<appender-ref ref="FILE" />
	</root>
</log4j:configuration>